rank,file,t_sec,score,U,A,D,n_boxes,n_ambiguous,empty,selected
1,frame_0070.jpg,28.0,0.7272,0.7116,0.5714,1.0,6,4,False,True
2,frame_0291.jpg,116.4,0.6982,0.6319,0.7143,0.84,7,5,False,True
3,frame_0077.jpg,30.8,0.683,0.5855,0.7143,0.88,6,5,False,True
4,frame_0015.jpg,6.0,0.6598,0.6624,0.4286,1.0,4,3,False,True
5,frame_0124.jpg,49.6,0.6586,0.6166,0.7143,0.68,6,5,False,True
6,frame_0024.jpg,9.6,0.6561,0.8264,0.1429,1.0,1,1,False,True
7,frame_0074.jpg,29.6,0.6491,0.5554,0.5714,1.0,5,4,False,False
8,frame_0072.jpg,28.8,0.6488,0.5548,0.5714,1.0,7,4,False,False
9,frame_0285.jpg,114.0,0.6459,0.709,0.5714,0.6,4,4,False,True
10,frame_0012.jpg,4.8,0.634,0.6109,0.4286,1.0,3,3,False,False
11,frame_0008.jpg,3.2,0.6323,0.6075,0.4286,1.0,3,3,False,True
12,frame_0169.jpg,67.6,0.6288,0.6211,0.7143,0.52,6,5,False,True
13,frame_0122.jpg,48.8,0.6145,0.7319,0.4286,0.6,3,3,False,False
14,frame_0126.jpg,50.4,0.609,0.5711,0.5714,0.76,6,4,False,False
15,frame_0376.jpg,150.4,0.6077,0.8085,0.5714,0.16,6,4,False,True
16,frame_0069.jpg,27.6,0.6017,0.4605,0.5714,1.0,5,4,False,False
17,frame_0286.jpg,114.4,0.5971,0.5954,0.5714,0.64,5,4,False,False
18,frame_0292.jpg,116.8,0.5953,0.5278,0.5714,0.8,6,4,False,False
19,frame_0071.jpg,28.4,0.5884,0.5197,0.4286,1.0,5,3,False,False
20,frame_0123.jpg,49.2,0.5875,0.6618,0.4286,0.64,4,3,False,False
21,frame_0073.jpg,29.2,0.5873,0.6031,0.2857,1.0,5,2,False,False
22,frame_0003.jpg,1.2,0.5862,0.5153,0.4286,1.0,4,3,False,True
23,frame_0296.jpg,118.4,0.5835,0.4824,0.7143,0.64,5,5,False,True
24,frame_0005.jpg,2.0,0.5833,0.4238,0.5714,1.0,5,4,False,False
25,frame_0129.jpg,51.6,0.577,0.5448,0.4286,0.88,5,3,False,False
26,frame_0023.jpg,9.2,0.5737,0.6616,0.1429,1.0,1,1,False,False
27,frame_0029.jpg,11.6,0.5713,0.5712,0.2857,1.0,4,2,False,False
28,frame_0079.jpg,31.6,0.5713,0.4798,0.5714,0.8,7,4,False,False
29,frame_0329.jpg,131.6,0.5712,0.6819,0.7143,0.08,9,5,False,False
30,frame_0130.jpg,52.0,0.5635,0.5018,0.4286,0.92,4,3,False,False
31,frame_0367.jpg,146.8,0.5598,0.5733,0.8571,0.08,8,6,False,False
32,frame_0000.jpg,0.0,0.5586,0.46,0.4286,1.0,4,3,False,False
33,frame_0007.jpg,2.8,0.5586,0.5458,0.2857,1.0,4,2,False,False
34,frame_0377.jpg,150.8,0.557,0.5517,0.8571,0.12,9,6,False,False
35,frame_0375.jpg,150.0,0.5557,0.6886,0.5714,0.2,8,4,False,False
36,frame_0379.jpg,151.6,0.5544,0.4928,1.0,0.04,7,7,False,False
37,frame_0001.jpg,0.4,0.5541,0.5367,0.2857,1.0,4,2,False,False
38,frame_0127.jpg,50.8,0.5473,0.5174,0.4286,0.8,5,3,False,False
39,frame_0004.jpg,1.6,0.545,0.4328,0.4286,1.0,4,3,False,False
40,frame_0167.jpg,66.8,0.5448,0.5925,0.4286,0.6,6,3,False,False
41,frame_0295.jpg,118.0,0.5444,0.5596,0.4286,0.68,7,3,False,False
42,frame_0033.jpg,13.2,0.5391,0.4211,0.4286,1.0,5,3,False,False
43,frame_0284.jpg,113.6,0.538,0.5948,0.4286,0.56,5,3,False,False
44,frame_0384.jpg,153.6,0.5377,0.6686,0.5714,0.16,8,4,False,False
45,frame_0231.jpg,92.4,0.5357,0.4931,0.8571,0.16,6,6,False,False
46,frame_0327.jpg,130.8,0.5345,0.7102,0.5714,0.04,8,4,False,False
47,frame_0031.jpg,12.4,0.5257,0.3942,0.4286,1.0,6,3,False,False
48,frame_0318.jpg,127.2,0.5227,0.5209,0.7143,0.24,7,5,False,False
49,frame_0030.jpg,12.0,0.5217,0.3862,0.4286,1.0,6,3,False,False
50,frame_0014.jpg,5.6,0.5211,0.385,0.4286,1.0,4,3,False,False
51,frame_0128.jpg,51.2,0.5209,0.4487,0.4286,0.84,6,3,False,False
52,frame_0209.jpg,83.6,0.516,0.5725,0.2857,0.72,3,2,False,False
53,frame_0173.jpg,69.2,0.5152,0.5436,0.5714,0.36,6,4,False,False
54,frame_0328.jpg,131.2,0.5151,0.5696,0.7143,0.08,9,5,False,False
55,frame_0297.jpg,118.8,0.5146,0.532,0.4286,0.6,4,3,False,False
56,frame_0374.jpg,149.6,0.514,0.6908,0.4286,0.2,9,3,False,False
57,frame_0170.jpg,68.0,0.513,0.4911,0.5714,0.48,6,4,False,False
58,frame_0013.jpg,5.2,0.5126,0.4538,0.2857,1.0,3,2,False,False
59,frame_0301.jpg,120.4,0.5111,0.5034,0.5714,0.44,6,4,False,False
60,frame_0168.jpg,67.2,0.5109,0.5406,0.4286,0.56,6,3,False,False
61,frame_0002.jpg,0.8,0.5089,0.3607,0.4286,1.0,6,3,False,False
62,frame_0114.jpg,45.6,0.5077,0.5605,0.5714,0.28,6,4,False,False
63,frame_0133.jpg,53.2,0.5066,0.356,0.4286,1.0,5,3,False,False
64,frame_0183.jpg,73.2,0.5049,0.651,0.5714,0.04,4,4,False,False
65,frame_0067.jpg,26.8,0.5034,0.3496,0.4286,1.0,7,3,False,False
66,frame_0289.jpg,115.6,0.5019,0.5284,0.2857,0.76,4,2,False,False
67,frame_0293.jpg,117.2,0.5015,0.4419,0.4286,0.76,4,3,False,False
68,frame_0281.jpg,112.4,0.5012,0.5692,0.4286,0.44,4,3,False,False
69,frame_0276.jpg,110.4,0.499,0.5592,0.5714,0.24,7,4,False,False
70,frame_0332.jpg,132.8,0.4943,0.6298,0.5714,0.04,7,4,False,False
71,frame_0294.jpg,117.6,0.4904,0.5214,0.2857,0.72,5,2,False,False
72,frame_0201.jpg,80.4,0.4902,0.5849,0.2857,0.56,3,2,False,False
73,frame_0368.jpg,147.2,0.4856,0.5266,0.7143,0.04,9,5,False,False
74,frame_0125.jpg,50.0,0.4855,0.5973,0.1429,0.72,3,1,False,False
75,frame_0275.jpg,110.0,0.4851,0.4617,0.7143,0.2,5,5,False,False
76,frame_0120.jpg,48.0,0.4834,0.5017,0.4286,0.52,4,3,False,False
77,frame_0230.jpg,92.0,0.4832,0.6612,0.4286,0.12,5,3,False,False
78,frame_0290.jpg,116.0,0.4825,0.4736,0.2857,0.8,5,2,False,False
79,frame_0025.jpg,10.0,0.4796,0.4734,0.1429,1.0,1,1,False,False
80,frame_0087.jpg,34.8,0.4777,0.5062,0.4286,0.48,4,3,False,False
81,frame_0018.jpg,7.2,0.4769,0.3823,0.2857,1.0,5,2,False,False
82,frame_0017.jpg,6.8,0.475,0.3785,0.2857,1.0,4,2,False,False
83,frame_0075.jpg,30.0,0.4742,0.3929,0.2857,0.96,4,2,False,False
84,frame_0274.jpg,109.6,0.4742,0.5416,0.5714,0.16,6,4,False,False
85,frame_0216.jpg,86.4,0.4736,0.5997,0.2857,0.44,3,2,False,False
86,frame_0317.jpg,126.8,0.4724,0.522,0.5714,0.2,5,4,False,False
87,frame_0389.jpg,155.6,0.4716,0.4666,0.7143,0.12,8,5,False,False
88,frame_0026.jpg,10.4,0.4695,0.3676,0.2857,1.0,3,2,False,False
89,frame_0304.jpg,121.6,0.4688,0.6382,0.2857,0.32,4,2,False,False
90,frame_0194.jpg,77.6,0.4685,0.5679,0.4286,0.28,3,3,False,False
91,frame_0019.jpg,7.6,0.468,0.4502,0.1429,1.0,1,1,False,False
92,frame_0287.jpg,114.8,0.4649,0.4864,0.2857,0.68,7,2,False,False
93,frame_0176.jpg,70.4,0.4625,0.4862,0.5714,0.24,7,4,False,False
94,frame_0027.jpg,10.8,0.4613,0.4368,0.1429,1.0,2,1,False,False
95,frame_0011.jpg,4.4,0.4574,0.3434,0.2857,1.0,3,2,False,False
96,frame_0279.jpg,111.6,0.4562,0.4256,0.5714,0.36,5,4,False,False
97,frame_0387.jpg,154.8,0.454,0.4851,0.5714,0.2,8,4,False,False
98,frame_0330.jpg,132.0,0.4531,0.6331,0.4286,0.04,8,3,False,False
99,frame_0397.jpg,158.8,0.4508,0.4788,0.5714,0.2,8,4,False,False
100,frame_0280.jpg,112.0,0.45,0.5686,0.2857,0.4,4,2,False,False
101,frame_0177.jpg,70.8,0.4461,0.4693,0.5714,0.2,5,4,False,False
102,frame_0208.jpg,83.2,0.4444,0.4133,0.2857,0.76,3,2,False,False
103,frame_0132.jpg,52.8,0.4434,0.3153,0.2857,1.0,5,2,False,False
104,frame_0396.jpg,158.4,0.4422,0.4776,0.5714,0.16,8,4,False,False
105,frame_0068.jpg,27.2,0.4399,0.3084,0.2857,1.0,6,2,False,False
106,frame_0288.jpg,115.2,0.4399,0.506,0.1429,0.72,5,1,False,False
107,frame_0302.jpg,120.8,0.4399,0.3769,0.5714,0.4,6,4,False,False
108,frame_0269.jpg,107.6,0.437,0.6009,0.4286,0.04,4,3,False,False
109,frame_0210.jpg,84.0,0.4359,0.3427,0.4286,0.68,4,3,False,False
110,frame_0078.jpg,31.2,0.4288,0.3502,0.2857,0.84,6,2,False,False
111,frame_0016.jpg,6.4,0.4283,0.2851,0.2857,1.0,6,2,False,False
112,frame_0089.jpg,35.6,0.4272,0.4373,0.4286,0.4,5,3,False,False
113,frame_0021.jpg,8.4,0.4236,0.2758,0.2857,1.0,4,2,False,False
114,frame_0111.jpg,44.4,0.4235,0.5259,0.4286,0.16,4,3,False,False
115,frame_0020.jpg,8.0,0.423,0.3602,0.1429,1.0,3,1,False,False
116,frame_0282.jpg,112.8,0.4214,0.4794,0.2857,0.48,3,2,False,False
117,frame_0095.jpg,38.0,0.4211,0.4354,0.5714,0.16,6,4,False,False
118,frame_0386.jpg,154.4,0.4191,0.5708,0.2857,0.24,8,2,False,False
119,frame_0271.jpg,108.4,0.4165,0.6455,0.2857,0.04,2,2,False,False
120,frame_0009.jpg,3.6,0.4163,0.3468,0.1429,1.0,2,1,False,False
121,frame_0306.jpg,122.4,0.4156,0.478,0.4286,0.24,7,3,False,False
122,frame_0189.jpg,75.6,0.4135,0.5379,0.4286,0.08,4,3,False,False
123,frame_0298.jpg,119.2,0.4117,0.4279,0.2857,0.56,4,2,False,False
124,frame_0101.jpg,40.4,0.4098,0.6162,0.2857,0.08,3,2,False,False
125,frame_0220.jpg,88.0,0.4097,0.536,0.2857,0.28,2,2,False,False
126,frame_0278.jpg,111.2,0.4083,0.5172,0.2857,0.32,5,2,False,False
127,frame_0010.jpg,4.0,0.4056,0.3254,0.1429,1.0,2,1,False,False
128,frame_0206.jpg,82.4,0.4043,0.4189,0.1429,0.76,2,1,False,False
129,frame_0082.jpg,32.8,0.4039,0.3643,0.2857,0.68,3,2,False,False
130,frame_0080.jpg,32.0,0.4028,0.3302,0.2857,0.76,7,2,False,False
131,frame_0112.jpg,44.8,0.4028,0.6399,0.1429,0.2,4,1,False,False
132,frame_0222.jpg,88.8,0.4025,0.3821,0.5714,0.2,4,4,False,False
133,frame_0174.jpg,69.6,0.4002,0.4152,0.4286,0.32,5,3,False,False
134,frame_0116.jpg,46.4,0.3995,0.4836,0.2857,0.36,6,2,False,False
135,frame_0232.jpg,92.8,0.3975,0.4578,0.4286,0.2,5,3,False,False
136,frame_0320.jpg,128.0,0.395,0.4368,0.4286,0.24,8,3,False,False
137,frame_0193.jpg,77.2,0.3933,0.4335,0.4286,0.24,6,3,False,False
138,frame_0307.jpg,122.8,0.393,0.4488,0.4286,0.2,5,3,False,False
139,frame_0202.jpg,80.8,0.3913,0.3712,0.2857,0.6,5,2,False,False
140,frame_0283.jpg,113.2,0.3913,0.4031,0.2857,0.52,5,2,False,False
141,frame_0373.jpg,149.2,0.3898,0.4584,0.4286,0.16,6,3,False,False
142,frame_0006.jpg,2.4,0.3863,0.2868,0.1429,1.0,4,1,False,False
143,frame_0218.jpg,87.2,0.3859,0.4563,0.2857,0.36,3,2,False,False
144,frame_0388.jpg,155.2,0.3858,0.3647,0.5714,0.16,7,4,False,False
145,frame_0319.jpg,127.6,0.3848,0.4004,0.4286,0.28,8,3,False,False
146,frame_0299.jpg,119.6,0.3828,0.3861,0.2857,0.52,5,2,False,False
147,frame_0199.jpg,79.6,0.3822,0.4866,0.1429,0.48,1,1,False,False
148,frame_0175.jpg,70.0,0.3817,0.3942,0.4286,0.28,5,3,False,False
149,frame_0115.jpg,46.0,0.3816,0.378,0.4286,0.32,6,3,False,False
150,frame_0214.jpg,85.6,0.3811,0.3827,0.2857,0.52,3,2,False,False
151,frame_0333.jpg,133.2,0.3797,0.4703,0.4286,0.08,7,3,False,False
152,frame_0032.jpg,12.8,0.378,0.3561,0.0,1.0,4,0,False,False
153,frame_0303.jpg,121.2,0.3757,0.3503,0.4286,0.36,4,3,False,False
154,frame_0117.jpg,46.8,0.3736,0.5014,0.1429,0.4,5,1,False,False
155,frame_0385.jpg,154.0,0.3716,0.406,0.4286,0.2,6,3,False,False
156,frame_0273.jpg,109.2,0.3712,0.4372,0.4286,0.12,4,3,False,False
157,frame_0228.jpg,91.2,0.3708,0.4684,0.4286,0.04,4,3,False,False
158,frame_0378.jpg,151.2,0.3702,0.4513,0.4286,0.08,7,3,False,False
159,frame_0090.jpg,36.0,0.369,0.4225,0.2857,0.36,4,2,False,False
160,frame_0225.jpg,90.0,0.3647,0.4403,0.4286,0.08,6,3,False,False
161,frame_0088.jpg,35.2,0.3646,0.4674,0.1429,0.44,4,1,False,False
162,frame_0096.jpg,38.4,0.3633,0.5071,0.2857,0.12,6,2,False,False
163,frame_0028.jpg,11.2,0.3604,0.2351,0.1429,1.0,4,1,False,False
164,frame_0118.jpg,47.2,0.3604,0.3734,0.2857,0.44,3,2,False,False
165,frame_0300.jpg,120.0,0.3595,0.3556,0.2857,0.48,5,2,False,False
166,frame_0272.jpg,108.8,0.3588,0.5141,0.2857,0.08,2,2,False,False
167,frame_0395.jpg,158.0,0.3572,0.4092,0.4286,0.12,6,3,False,False
168,frame_0200.jpg,80.0,0.3569,0.42,0.1429,0.52,2,1,False,False
169,frame_0305.jpg,122.0,0.3564,0.3436,0.4286,0.28,5,3,False,False
170,frame_0105.jpg,42.0,0.3562,0.4232,0.4286,0.08,6,3,False,False
171,frame_0224.jpg,89.6,0.3561,0.5784,0.1429,0.12,4,1,False,False
172,frame_0091.jpg,36.4,0.3556,0.4117,0.2857,0.32,3,2,False,False
173,frame_0277.jpg,110.8,0.3544,0.4254,0.2857,0.28,8,2,False,False
174,frame_0081.jpg,32.4,0.3535,0.2475,0.2857,0.72,5,2,False,False
175,frame_0100.jpg,40.0,0.3526,0.5178,0.2857,0.04,5,2,False,False
176,frame_0104.jpg,41.6,0.3522,0.3992,0.4286,0.12,4,3,False,False
177,frame_0076.jpg,30.4,0.3521,0.3362,0.0,0.92,4,0,False,False
178,frame_0196.jpg,78.4,0.35,0.3845,0.2857,0.36,2,2,False,False
179,frame_0398.jpg,159.2,0.3481,0.4288,0.2857,0.24,7,2,False,False
180,frame_0219.jpg,87.6,0.3476,0.31,0.4286,0.32,4,3,False,False
181,frame_0131.jpg,52.4,0.3466,0.2235,0.1429,0.96,4,1,False,False
182,frame_0106.jpg,42.4,0.346,0.5046,0.2857,0.04,6,2,False,False
183,frame_0098.jpg,39.2,0.3457,0.5039,0.2857,0.04,5,2,False,False
184,frame_0185.jpg,74.0,0.3431,0.397,0.4286,0.08,5,3,False,False
185,frame_0226.jpg,90.4,0.3411,0.4091,0.4286,0.04,5,3,False,False
186,frame_0121.jpg,48.4,0.3396,0.3695,0.1429,0.56,4,1,False,False
187,frame_0390.jpg,156.0,0.3374,0.3857,0.4286,0.08,7,3,False,False
188,frame_0213.jpg,85.2,0.3368,0.3638,0.1429,0.56,2,1,False,False
189,frame_0184.jpg,73.6,0.3367,0.3842,0.4286,0.08,5,3,False,False
190,frame_0093.jpg,37.2,0.3365,0.4913,0.1429,0.24,2,1,False,False
191,frame_0313.jpg,125.2,0.3358,0.5698,0.1429,0.04,2,1,False,False
192,frame_0207.jpg,82.8,0.3355,0.2653,0.1429,0.8,3,1,False,False
193,frame_0212.jpg,84.8,0.3303,0.3348,0.1429,0.6,1,1,False,False
194,frame_0370.jpg,148.0,0.3276,0.3821,0.4286,0.04,5,3,False,False
195,frame_0085.jpg,34.0,0.3256,0.3415,0.1429,0.56,2,1,False,False
196,frame_0197.jpg,78.8,0.3173,0.3888,0.1429,0.4,1,1,False,False
197,frame_0204.jpg,81.6,0.3166,0.2754,0.1429,0.68,2,1,False,False
198,frame_0181.jpg,72.4,0.3153,0.3574,0.4286,0.04,5,3,False,False
199,frame_0268.jpg,107.2,0.3152,0.3413,0.4286,0.08,5,3,False,False
200,frame_0381.jpg,152.4,0.3132,0.3532,0.4286,0.04,7,3,False,False
201,frame_0084.jpg,33.6,0.3129,0.3001,0.1429,0.6,3,1,False,False
202,frame_0322.jpg,128.8,0.3123,0.3034,0.4286,0.16,5,3,False,False
203,frame_0203.jpg,81.2,0.3073,0.2729,0.1429,0.64,4,1,False,False
204,frame_0372.jpg,148.8,0.3016,0.3838,0.2857,0.12,5,2,False,False
205,frame_0109.jpg,43.6,0.3015,0.3138,0.4286,0.08,6,3,False,False
206,frame_0221.jpg,88.4,0.3014,0.3353,0.2857,0.24,4,2,False,False
207,frame_0188.jpg,75.2,0.3002,0.413,0.2857,0.04,9,2,False,False
208,frame_0171.jpg,68.4,0.2978,0.2481,0.2857,0.44,6,2,False,False
209,frame_0178.jpg,71.2,0.2969,0.4441,0.1429,0.16,5,1,False,False
210,frame_0382.jpg,152.8,0.2969,0.3903,0.2857,0.08,3,2,False,False
211,frame_0191.jpg,76.4,0.2954,0.3553,0.2857,0.16,3,2,False,False
212,frame_0179.jpg,71.6,0.2941,0.3688,0.2857,0.12,5,2,False,False
213,frame_0316.jpg,126.4,0.2929,0.3504,0.2857,0.16,7,2,False,False
214,frame_0022.jpg,8.8,0.2907,0.1814,0.0,1.0,2,0,False,False
215,frame_0310.jpg,124.0,0.289,0.3746,0.2857,0.08,3,2,False,False
216,frame_0192.jpg,76.8,0.2873,0.3231,0.2857,0.2,4,2,False,False
217,frame_0113.jpg,45.2,0.2844,0.3014,0.2857,0.24,5,2,False,False
218,frame_0097.jpg,38.8,0.2833,0.3632,0.2857,0.08,5,2,False,False
219,frame_0399.jpg,159.6,0.2833,0.3688,0.1429,0.28,6,1,False,False
220,frame_0211.jpg,84.4,0.2816,0.2214,0.1429,0.64,2,1,False,False
221,frame_0371.jpg,148.4,0.278,0.3526,0.2857,0.08,4,2,False,False
222,frame_0198.jpg,79.2,0.2761,0.2905,0.1429,0.44,2,1,False,False
223,frame_0086.jpg,34.4,0.2759,0.2581,0.1429,0.52,4,1,False,False
224,frame_0233.jpg,93.2,0.2752,0.3686,0.1429,0.24,4,1,False,False
225,frame_0394.jpg,157.6,0.2751,0.4324,0.1429,0.08,4,1,False,False
226,frame_0323.jpg,129.2,0.2729,0.3264,0.2857,0.12,4,2,False,False
227,frame_0321.jpg,128.4,0.2706,0.2898,0.2857,0.2,5,2,False,False
228,frame_0215.jpg,86.0,0.2676,0.2575,0.1429,0.48,3,1,False,False
229,frame_0315.jpg,126.0,0.2659,0.398,0.1429,0.12,6,1,False,False
230,frame_0108.jpg,43.2,0.2654,0.3434,0.2857,0.04,5,2,False,False
231,frame_0195.jpg,78.0,0.2621,0.3104,0.1429,0.32,4,1,False,False
232,frame_0094.jpg,37.6,0.2594,0.3531,0.1429,0.2,5,1,False,False
233,frame_0180.jpg,72.0,0.2535,0.3036,0.2857,0.08,6,2,False,False
234,frame_0314.jpg,125.6,0.2525,0.3872,0.1429,0.08,4,1,False,False
235,frame_0325.jpg,130.0,0.249,0.3105,0.2857,0.04,4,2,False,False
236,frame_0267.jpg,106.8,0.2486,0.2778,0.2857,0.12,5,2,False,False
237,frame_0308.jpg,123.2,0.2486,0.2617,0.2857,0.16,5,2,False,False
238,frame_0083.jpg,33.2,0.2374,0.2189,0.0,0.64,3,0,False,False
239,frame_0309.jpg,123.6,0.2328,0.3318,0.1429,0.12,4,1,False,False
240,frame_0205.jpg,82.0,0.2314,0.1749,0.0,0.72,2,0,False,False
241,frame_0311.jpg,124.4,0.231,0.2745,0.2857,0.04,4,2,False,False
242,frame_0229.jpg,91.6,0.23,0.3422,0.1429,0.08,7,1,False,False
243,frame_0217.jpg,86.8,0.2293,0.2129,0.1429,0.4,2,1,False,False
244,frame_0092.jpg,36.8,0.2225,0.2473,0.1429,0.28,4,1,False,False
245,frame_0119.jpg,47.6,0.2074,0.2229,0.0,0.48,2,0,False,False
246,frame_0190.jpg,76.0,0.2067,0.2797,0.1429,0.12,3,1,False,False
247,frame_0223.jpg,89.2,0.2042,0.3445,0.0,0.16,4,0,False,False
248,frame_0186.jpg,74.4,0.2041,0.3065,0.1429,0.04,7,1,False,False
249,frame_0103.jpg,41.2,0.203,0.2562,0.1429,0.16,4,1,False,False
250,frame_0391.jpg,156.4,0.1961,0.2904,0.1429,0.04,8,1,False,False
251,frame_0393.jpg,157.2,0.1954,0.2891,0.1429,0.04,5,1,False,False
252,frame_0324.jpg,129.6,0.1893,0.2608,0.1429,0.08,4,1,False,False
253,frame_0383.jpg,153.2,0.1873,0.3267,0.0,0.12,6,0,False,False
254,frame_0102.jpg,40.8,0.1774,0.221,0.1429,0.12,4,1,False,False
255,frame_0172.jpg,68.8,0.1636,0.1672,0.0,0.4,5,0,False,False
256,frame_0110.jpg,44.0,0.1152,0.1823,0.0,0.12,4,0,False,False
